<?xml version="1.0" encoding="utf-8" ?>
<dwsync>
<file name="sql_products.php" server="D:/Dream weaver/wamp/www/kurfi" local="130014135756289728" remote="130014135750000000" />
<file name="superadmin_restriction.php" server="D:/Dream weaver/wamp/www/kurfi" local="129949641010000000" remote="129949641010000000" />
<file name="page_title.php" server="D:/Install/wamp/www/kurfinew/" local="130385155414715854" remote="130385155410000000" />
<file name="login.php" server="D:/Install/wamp/www/kurfinew/" local="130194240680000000" remote="130194240680000000" />
<file name="sql_products.php" server="D:/Install/wamp/www/kurfinew/" local="130040535840000000" remote="130040535840000000" />
<file name="convert_func.php" server="D:/Dream weaver/wamp/www/iuea.ac.ug" local="130606431610000000" remote="130606431610000000" />
<file name="AjaxFaculties.php" server="D:/Dream weaver/wamp/www/iuea.ac.ug" local="130551780365248801" remote="130551780360000000" />
<file name="sql_faculties.php" server="D:/Dream weaver/wamp/www/iuea.ac.ug" local="130551711051224266" remote="130551711050000000" />
<file name="sql_states.php" server="D:/Dream weaver/wamp/www/iuea.ac.ug" local="130606430279869033" remote="130606430270000000" />
<file name="sql_questions.php" server="D:/Dream weaver/wamp/www/iuea.ac.ug" local="130553270697497798" remote="130553270690000000" />
<file name="page_title.php" server="D:/Dream weaver/wamp/www/iuea.ac.ug" local="130489806724726590" remote="130489806720000000" />
<file name="login.php" server="D:/Dream weaver/wamp/www/iuea.ac.ug" local="130194240680000000" remote="130194240680000000" />
<file name="sql_programmes.php" server="D:/Dream weaver/wamp/www/iuea.ac.ug" local="130553280586653425" remote="130553280580000000" />
<file name="sql_departments.php" server="D:/Dream weaver/wamp/www/iuea.ac.ug" local="130559361550764192" remote="130559361550000000" />
<file name="page_title.php" server="D:/Dream weaver/wamp/www/sichst/" local="130489806724726590" remote="130489806720000000" />
<file name="convert_func.php" server="D:/Dream weaver/wamp/www/sichst/" local="130606431610000000" remote="130606431610000000" />
<file name="sql_states.php" server="D:/Dream weaver/wamp/www/sichst/" local="130606430279869033" remote="130606430270000000" />
<file name="sql_programmes.php" server="D:/Dream weaver/wamp/www/sichst/" local="130553280586653425" remote="130553280580000000" />
</dwsync>